Target	Motifs	Max_length
AD	GAGAGG	6
ALS	GCG	3
ALS.FTD	GGCCCC	6
BPES	GCC,GCG,GCA,GCT	3
BSS	CCG	3
CANVAS	AAAAG	5
CANVAS_path	AAGGG	5
CCD	GCC,GCG,GCA,GCT	3
CCHS	GCC,GCG,GCA,GCT	3
DM1	CAG	3
DM2	CAGG,CAGA,CAGC,CAGT	4
DMD	TTC	3
DRPLA	CAG	3
EPM1	GCGCGGGGCGGG	12
FA	GAA	3
FAME1	AAAAT,AAAGT	5
FAME2	AAAAT,AAAGT	5
FAME3	AAAAT,AAAGT	5
FAME4	AAAAT,AAAGT	5
FAME6	TTTTA,TTTCA	5
FAME7	TTTTA,TTTCA	5
FECD	GCA	3
FRA11B	GGC	3
FRA12A	CGG	3
FRA2A	CCG	3
FRA7A	GGAGGCG	7
FRAXE	CCG	3
FXS	CGG	3
GAD	GCA	3
HD	CAG	3
HDL2	CTG	3
HFGS	GCC,GCG,GCA,GCT	3
HMNR7	GGCGCGGAGC	10
HPE	GCC,GCG,GCA,GCT	3
HSAN8	CGC	3
NIID	CGG	3
OPDM1	GCC	3
OPDM2	CCG	3
OPMD	GCG	3
OPML1	GGC	3
PSACH.MED	GTC	3
RCPS	CCTCGCTGTGCCGCTGCCGA,CCTCGCTGCCGCTGCCGA,CCTCGCTGCGCCGCTGCCGA	20
SBMA	GCA	3
SCA1	GCT	3
SCA10	ATTCT	5
SCA12	CTG	3
SCA17	GCA	3
SCA2	SCA2	3
SCA27B	AAG,AAGAGG,AAGGAG	6
SCA27B_CCCC	AAG,AAGAGG,AAGGAG	6
SCA27B_GTG	AAG,AAGAGG,AAGGAG	6
SCA27B_GTGG	AAG,AAGAGG,AAGGAG	6
SCA3	CTG	3
SCA31	AATAA	5
SCA36	GGCCTG	6
SCA37	AAAAT,GAAAT	5
SCA6	CTG	3
SCA7	CAG	3
SCA8	CTG	3
SPD	GGC	3
TOF	GCC,GCG,GCA,GCT	3
XDP	GAGAGG	6
XH	GCC,GCG,GCA,GCT	3
XLID	GCC,GCG,GCA,GCT	3
